file,norm,note
Dieu_0006,51B03271,yellow plate
Dieu_0091,59X411844,
Dieu_0170,60Z40023,?
Dieu_0170,60F361271,
Dieu_0341,59L287444,? blurry
Dieu_0449,66V184185,
Hung_0082,68G151270,
Hung_0082,51D41498,
Hung_0290,51F02331,
Hung_0290,47T110387,
Hung_0417,77C103188,
Tgmt_0073,18A07826,
Tgmt_0163,30F5204,
Tgmt_0219,30F95280,
Tgmt_0392,30A92957,? small
Tgmt_0509,89A21762,
Tgmt_0666,29A92839,
Tgmt_0798,29C46748,tilted
Tgmt_0896,30A82771,
carlong_0118,51G44313,
carlong_0217,68C137520,
carlong_0294,51G51292,
carlong_0400,56N7186,
carlong_0503,51B21666,
carlong_0622,51G47281,
carlong_0741,51F98466,
carlong_0869,51G49539,
carlong_0949,51F61712,
greenpack_0110,59U159897,
greenpack_0193,59V260884,? partly hidden
greenpack_0369,59L159150,
greenpack_0493,52T76433,
greenpack_0584,59S244717,
greenpack_0646,64D121888,? partly hidden
greenpack_0752,59P147969,
greenpack_0869,59T159973,
greenpack_0950,66C147515,
greenpack_1049,59S221969,
greenpack_1139,59U156452,
greenpack_1305,67E106661,
greenpack_1425,59P198663,
greenpack_1500,59F182787,
